{
    "low": {
        "all-good": 3.4482758620689453,
        "de-escalate": 1.4482758617362221
    },
    "medium": {
        "all-good": 0.17996160487837118,
        "de-escalate": 2.7226939230460934
    },
    "high": {
        "all-good": 0.0,
        "de-escalate": 2.089859656820592
    }
}