{
    "low": {
        "all-good": 1.3989315501915771,
        "de-escalate": 3.4456972509170685
    }
}